"rand_index","index","translation","fluency"
1,143,"Als Erstes testen wir, ob HER die Wahrnehmung von Normen im Bereich des Energiesparens eines Individuums beeinflusst.",""
2,348,"In Hinblick darauf versucht das Projekt (gegründet durch die EU Comm",""
3,331,"Um dieses Hindernis zu überwinden, ist es nötig, den Hintergrund zu ergründen, vor dem die Pliotmassnahmen angewendet werden sollen (d.h. die analyse der Situationen in den Mitgliedstaaten) und eine zielgerichtete Marktsegmentation durchzuführen, indem existierende Datenbanken analysiert und verbessert werden, auf die ",""
4,424,"Die grösste Hürde bei dieser Analyse besteht darin, dass die Daten, welche für Standardindikatoren (z. B. Tiefes-Einkommen hohe-Kosten) verwendet werden, in vielen Ländern nicht verfügbar sind. Das heisst, es müssen andere Wege ausgelotet werden, um nachvollziehen zu können, was ein ""energiegefährdeter Verbraucher"" ist. ",""
5,506,"Einer der Aspekte, welche von der EK betont werden, ist die Wichtigkeit, von der Erfahrung und von den in den Mitgliedsta",""
6,480,"Die Energiearmut ist eine der Hauptprobleme, die heute in Europa (sozial, technisch und legislativ). Mit einer geschätzten Anzahl von ungefähr 50 bis 125 Millionen Mensche.",""
7,321,"Der erste Teil dieses Artikels fasst die Resultate der statistischen Analyse zusammen, die durchgeführt wurde, um ""energy-poor"" oder ""energy-vulnerable"" Kosumenten zu definieren, da keine einheitliche europäische Definition existiert.",""
8,336,"Die European Commission (EC) hat grosse Anstrengungen unternommen, dieses Problem zu lösen. Dies zeigt sich beispielsweise bei der kürzlich lancierten Initiative Eu Energy Poverty Observatory, die im Januar 2018 gestartet ist.",""
9,69,"Der HER beinhaltet vier wichtige Elem",""
10,433,"Vor diesem Hintergund zielt das Projekt (",""
11,133,"Obwohl das Interesse an der Forschung im Bereich des sozialen Vergleichs zunimmt, bleiben mehrere Fragen offen.",""
12,343,"Dies wird durch die Implementierung einer Reihe von Pilotprojekten mit einer Gruppe von sogenannten HEAs (Home Energy Advisors) bewerkstelligt.",""
13,447,"Mit dem im Kopf, das Projekt das hier dargestellz wird  (geföhrdert durch die EU Kommission unter dem Grant Agreement no. 12345); von dem Das Energy Consumtion Research Institute ein Partner is, ziehlt darauf die besten Verhalten und ",""
14,107,"Während das sparsame Verhalten von Personen mit hohem Bewusstsein für die Umwelt in der Forschungsliteratur ausführlich nachgewiesen ist, weiss man nur wenig über die Reaktion dieser Konsumenten azf den Vergleich mit ihren Peers.",""
15,206,"Die Forschung zeigt, dass das Erzählen, wie die Handlungen einiger Personen zu anderen zu vergleichen sind, bringt diese Personen dazu, die Energie und den Wasserverbrauch, ihren Beitrag zu Wohlfahrtsorganisationen und ihr Einsparen zu verändern",""
16,145,"Während umweltbezogene Werte in der Regel während des ganzen Lebens stabil bleiben, kann die umweltbezogene Selbstidentität beeinflusst werden, zum Beispiel durch Informationen in Bezug auf das Energiesparen.",""
17,312,"Die Europäische Kommission (EC) hat einen grossen Aufwand für Lösungen für das Problem investiert, beispielsweise mit der Lancierung des EU Energy Poverty Observatory im Januar 2018.",""
18,339,"Energiearmut ist zurzeit in Europa eine der grössten sozialen, technischen und gesetzlichen Herausforderungen. Davon sind schätzungsweise etwa  50 bis 125 Millionen Menschen betroffen.",""
19,373,"Diese Berater werden gezielt dazu ausgebildet, die Pilottätigkeiten durchzuführen, indem energieanfällige Verbaucher (VC) dazu gebracht werden, ihren Stromverbauch zu optimieren (und nach Möglichkeit zu reduzieren). Dies geschieht in erster Linie durch Verhaltensänderungen.",""
20,103,"Eine stärkere Wahrnehmung der Norm, Energie zu s",""
21,101,"Ein weiteres Ziel dieses Berichts ist es, mögliche Mechanismen auszuarbeiten, mit denen der HER effizienter werden könnte.",""
22,412,"Dieses Paper sammelt die ersten Resultate der oben genannten Aufgaben.",""
23,466,"Die Europäische Kommission hat viel Energie in die Problemlösung gesteckt, wie das Beispiel des neulich lancierten EU Energy Poverty Observatory im Januar 2018, zeigt.",""
24,82,"Die Analyse kombiniert Daten aus einem randomisierten Programm, welches von Opower in Italien durchgeführt wurde, mit Umfragedaten, welche von Endvebrauchern gesammelt wurden.",""
25,456,"Eine der Punkte, welchen die EC hervorbringt, ist, von Erfahrungen zu lernen und von den besten Praktiken, die in den verschiedenen Mitgliedsstaaten praktiziert werden.",""
26,340,"Die Europäische Kommision (EC) ist sehr bemüht, diese Herausforderungen anzugehen, wie beispielsweise kürzlich die Einführung des EU Energy Poverty Observatory im Januar 2018 zeigt.",""
27,423,"Der erste Teil der Studie fasst die Ergebnisse einer statistischen Analyse zusammen, welche durchgeführt wurde, um nachvollziehen zu können, wie ""energiearm"" und ""energiegefährdet"" zu definieren sind, da eine gemeinsame europäische Definition fehlt.",""
28,225,"Der HER b",""
29,357,"Die Europäische Kommision (EC) setzt sich stark für die Lösung dieses Problems ein, beispelsweise mit dem jüngsten Start des Eu Energy Poverty Observatory im Januar 2018.",""
30,71,"Forschung hat zum Beispiel gezeigt, dass durch das Informieren der Leute über ihre Tätigkeiten im Vergleich zu anderen, ähnlichen Leuten, ermutigt sie, ihren Energie- und Wasserverbrauch, ihren Beitrag zu charitable Gründen und ihre Spar-Entscheidungen zu ändern.",""
31,463,"Die Europäische Kommission (EC) hat viel Aufwand investiert zum dieses Problem zu läsen, wie man zum Beispiel  am neusten Projet EU Energy Poverty Observatory sehen kann, welches Januar 2018 startete.",""
32,378,"Zudem sind die unterschiedlichen, zur Verfügung stehenden Daten in EU-Ländern der Grund, weshalb eine fragmentierte und oft ""nicht kompatible"" Segmentierung in den verschiedenen Mitgliedstaaten geschieht. ",""
33,485,"Das Hauptproblem bei der Umsetzung der Analy",""
34,53,"Untersuchungen zeigen, dass es zu Veränderungen bezügl. Energie- und Wasserverbauch, sowie Beiträgen zu wohltätigen Zwecken und Energiesparenden MaSsnahmen führt, Menschen aufzuzeigen, wie ihrhandeln imvergleich it anderen Menschen aussieht.",""
35,503,"Es macht dies",""
36,178,"Der Einfluss von sozialen Information auf Verhaltensweisen wurde in verschiedenen Szenarien gezeigt. ",""
37,27,"Als Erstes testen wir, ob HER die individuelle Wahrnehmung einer Norm bezüglich Energie sparen beeinflusst.",""
38,409,"Zudem führen die verschiedenen in der EU verfügbaren Daten zu einer bruchstückhaften und oft ""nicht kompatiblen"" Segmentierung in einigen Mitgliedsstaaten.",""
39,117,"Obwohl das Konservationsverhalten von Personen mit hohen biosphärischen Werten in der Literatur gut dokumentiert wurde, ist über die Reaktionen dieser Konsumenten auf Vergleichsgruppen wenig bekannt.",""
40,167,"Während umweltbezogene Werte tendenziell stabil bleiben während einem Menschenleben, kann jedoch die umweltbezogenene Identität beeinflusst werden, zum Beispiel durch Information über Energiekonservierung.",""
41,250,"Der Einfluss von Information zum sozialen Hintergrund auf das Verhalten von Menschen ist schon in einer Vielzahl von Settings gezeigt worden.",""
42,226,"In dieser Arbeit testen wir ob es Auswirkungen gibt aufgrund sozialer Vergleiche zum Thema Energiekonsum und ob diese Auswirkungen davon anhängig sind, inwiefern diese Individuen hohe umweltbezogene Werte haben. ",""
43,301,"Diese Arbeit sammelt zunächst die ersten Resultate der oben erwähnten Aufgaben.",""
44,80,"Ein zweiter Mechanismus könnte deshalb sein, dass die Informationen, welche während dem HER zugeführt werden, die eigene umweltbezogene Selbstidentität verstärkt.",""
45,308,"In diesem Projekt ist das Energy Consumption Research Institute für die technische Einweisung der HEAs und für die Planung der Pilotmassnahmen zuständig.",""
46,89,"Ein zweiter Mechanismus könnte folglich sein, dass die im HER gelieferte Information die ökologische Selbstidentität einer Person steigert.",""
47,273,"In diesem Projekt ist das Energy Consumption Research Institut für das technische Training der HEAs und der Planung der Pilot-Aktionen zuständig.",""
48,230,"Zum Beispiel hat die Forschung gezeigt, dass wenn man Menschen sagt, wie sich ihre Aktionen mit denen anderer vergleichen, ähnliche Menschen dadurch ermutigt werden. ihren Strom- und Wasserverbrauch. ihre Beteiligung an Wohltätigkeit und ihre Ersparnisse zu modifizieren-",""
49,100,"Der HER enthält verschiedene Elemente, einschliesslich eines statischen Nachbarvergleichs von Energieverbrauchsstufen (eine deskriptive Norm), Feedback bezüglich individueller Leistung (eine Norm) sowie Energiespartipps.",""
50,454,"Energiearmut ist eines der grössten sozialen, technischen und legislativen Problemen der heutigen Zeit in Europa, mit einer schätzungsweisen Zahl an betroffenen Menschen die sich zwischen  und  Millionen bewegt.",""
51,366,"Die Europäische Kommission (EK) hat viel Mühe darauf verwendet, dieses Problem zu lösen, was sich beispielsweise durch die Lancierung des EU Energy Poverty Observatory im Januar  2018 zeigt.",""
52,316,"Einer der von EC genannten Punkte ist die Wichtigkeit, von den Erfahrungen und Best Pracices in verschiedenen Mitgliedstaaten (MS) zu lernen.",""
53,154,"Eine weitere entscheidende Forschungslücke ist das fehlendeVerständnis der Mechanimen hinter der Reaktion einzelner zum Opower Home Energy Report (HER) im Bereich Energieverbrauch.",""
54,155,"Der HER führt verschiedene Elemente auf, vom einem statischen Nachbarschaftsvergleich des Energievrbrauchs (deskriptive Norm) über Rückmeldungen zum individuellen Verhal",""
55,282,"Ein wichtiger Punkt, den die EC oft erwähnt, ist die Wichtigkeit von Erfahrungen und Best-Practice-Beispielen von anderen Member States (Ms",""
56,486,"Diese Arbeit sammelt die ersten Resultate von den oben genannten Aufgaben.",""
57,86,"Zuerst wird getestet, ob der HER die Wahrnehmung der Norm durch die Einzelpersonen im Berich Energiesparen formt.",""
58,124,"Trotz eines zunehmenden Interesses ",""
59,334,"Einer der wichtigen Punkte ist es, von der Erfahrungen von anderen Teilnehmerstaaten zu lernen, die dieses Programm eingeführt und getestet haben. ",""
60,200,"Zuerst testen wir, ob der HER die Vorstellungen der Individuen der Norm formt im Angesicht des Themas des Energieverbrauchs.",""
61,20,"Der Einfluss sozialer Information auf das Verhalten wurde in einer Reihe von settings demonstriert.",""
62,380,"Der zweite Teil d",""
63,30,"Der Einfluss sozialer Informationen auf das Verhalten wurde bereits in verschiedenen Settings gezeigt.",""
64,228,"Das HER beinhaltet verschiedene Elemente, dazu gehören statische Vergleiche mit Nachbarn",""
65,40,"HER umfasst verschiedene Elemente, wie eine statische Nachbarsvergleichung der Energieverbaucherniveaus (eine deskriptive Norm), Rückmeldung auf individuelle Performance (eine injuktive Norm) sowie Energiespartipps.",""
66,109,"Eine weitere ",""
67,73,"Insbesondere ist wenig bekannt über die Quellen der Heterogenität, die in den be",""
68,38,"Während umwelt",""
69,430,"Energiearmut ist eines der grössten sozialen, technischen und gesetzgeberischen Probleme in Europa derzeit, mit einer geschätzten Anzahl Betroffener von 50 bis 125 Millionen Menschen.",""
70,263,"Die Forschungsergebnisse  zeigen, dass man Menschen dadurch, dass man ihnen erzählt, wie ihre Handlungen im Vergleich zu anderen Menschen dastehen, dazu bringen kann, ihren Energieverbrauch, Wasserverbrauch, ihre Beiträge zu gemeinnützigen Zwecken und ihr Sparverhalten zu verändern.",""
71,322,"Die grösste Schwierigkeit, die sich bei der Durchführung dieser Analyse ergibt, ist, das",""
72,489,"Zusätzlich führt die Erhältlichkeit von verschiedenen Daten in den EU Ländern zu einer r",""
73,10,"Obwohl die Interesse an der Forschung an sozialem Vergleich steigt, bleiben einige Fragen offen.",""
74,238,"Speziell ist relativ wenig",""
75,150,"Zuerst testen wir, ob HER die individuelle Wahrnehmung von Normen im Bereich von Energieverbrauch formt.",""
76,110,"Ein weiteres Ziel dieser Untersuchung ist, die möglichen Mechanismen  zu bewerten, mit welchen der HER wirksamer werden könnte.",""
77,229,"Der Einfluss der Sozialen Informationen bezüglich des Verhaltens wurde in verschiedenen Orten demonstriert.",""
78,232,"Trotz des wachsenden Interesse in sozial vergleichenden Forschungen, bleiben einige Fragen offen.",""
79,251,"Forschungsergebnisse zeigen, das Leute, denen man erklärt hat, wie ihr Verhalten sich Im Vergleich zu  ähnlichen anderen verhält, dazu neigen, ihren Energie und Wasserverbrauch  zu verringern. Dies gilt auch für ihre Spenden an",""
80,50,"Zuerst testen wir, ob der HER Report die Eindrücke eines Individuums von der Norm im Bereich Energiesparen.",""
81,81,"Durch das Aktivieren von biosphärischen Werten kann der HER den Fokus von Menschen darauf ausrichten, die Umwelt zu verbessern.",""
82,370,"In diesem Dokument werden die ersten Ergebnisse dieser beiden Aufgabenstellungen vorgestellt.",""
83,23,"In dieser Arbeit testen wir, ob es einen sozialen Vergleichseffekt bei Energiekonservation gibt und ob dieser Effekt abhängig davon ist, ob individuelle Personen hohe Umweltansprüche haben.",""
84,2,"Studien zeigten zum Beispiel, dass wenn den Personen aufgeführt wird, wie sie im Vergleich zu anderen darstehen, sie dann eher gewillt sind, ihren Energie- und Wasserverbrauch zu regulieren. Ausserdem neigen Sie dazu ihre ",""
85,142,"Ein weiteres Ziel dieser Arbeit ist es, mögliche Mechanismen zu evaluieren, die HER wirksamer machen könnten.",""
86,74,"Der Einfluss von gesellschaftlichen Informationen auf das Verhalten wurde in verschiedenen Bereichen belegt.",""
87,112,"Eine stärkere Wahrnehmung der Norm, Energie zu sparen, kann dann den Energieverbrauch beeinflussen.",""
88,14,"Der HER stärkt der Fokus der Leute auf die Verbesserung der Umwelt, indem er biosphärische Werte aktiviert.",""
89,66,"Die Forschung zeigt, dass, wenn Mens",""
90,462,"Energie Armut ist eins der grössten sozialen, technischen und legalen Problemen in Europa in der heutigen Zeit, mit geschätzten 50 zu 125 Millionen Menschen die davon betroffen sind.",""
91,132,"Beispielsweise zeigen Untersuchungen, dass Menschen ermutigt werden, ihren Energie- und Wasserverbrauch, ihre Spenden für wohltätige Zwecke und ihre Sparentscheidungen zu verändern, wenn ihnen gesagt wird, wie sie im Vergleich zu anderen, ähnlichen Menschen abschneiden.",""
92,324,"Dieses Paper präsentiert die ersten Ergebnisse dieser beiden Aufgaben.",""
93,266,"Eine weitere wichtige Lücke in der Froschungs ist das Verstehen von den Mechanismen hinter individueller Reaktion auf Die Opower Home Energy Report (HER) im Bereich Energieverbrauch.",""
94,201,"Eine stärkere Wahrnehmung der Norm in die Richtung der Energieeinsparung könnte dann den Energieverbrauch beeinflussen.",""
95,241,"Ein weiteres Anliegen dieser Studie ist es, mögliche Mechanismen zu bestimmen, welche das HER effektiver machen können. ",""
96,470,"Die europäische Kommission (EC) hat viel Aufwand betrieben um dieses Problem zu lösen. Zum Beispiel, wie gezeigt, durch den kürzlichen Launch von der EU Energy Poverty Observatory im Januar 2018.",""
97,514,"In Anbetracht dessen, zielt das hier vorgestellte Projekt, dasvon der EU Kommission ",""
98,13,"Ein zweiter Mechanismus könnte deswegen die Informationen, die im HER geliefert werden sein, die die Umwelt-Selbstidentität erhöht.",""
99,72,"Trotz eines wachsenden Interesse in social comparison research bleiben jedoch einige Fragen offen.",""
100,208,"Im Besonderen ist relativ wenig bekannt über die Gründe der Heterogenität des Effektes eines bekannten Experiments sozialen Vergleichs, wie das, welches von Opower program durch die Home Electrity Report bereitgestellt wurde",""
101,131,"Die Wirkung von sozialer Information auf das Verhalten wurde in unterschiedlichsten Settings nachgewiesen.",""
102,476,"Der erste Teil der Arbeit fasst die Resultate einer für das Verständnis der Definition eines ""energiearmen"" oder """,""
103,15,"Die Analyse kombiniert Daten von einer grossen randomisierten Studie, die von Opower in Italien durchgeführt wurde, mit Daten einer Umfrage von ",""
104,329,"Das grösste Hindernis bei der Durchführung dieser Analyse ist es, dass die Daten, die häufig für Standardindikatoren (bsp. niedriges einkommen, hohe Kosten), in vielen Ländern nicht verfügbar sind, sodass neue Methoden, um Energygefährdete Konsumenten zu definieren, gefunden werden müssen.",""
105,483,"Dieser Bericht präsentiert die ersten Resultate dieser zwei Aufgaben.",""
106,160,"Eine weitere interessante Lücke in der Forschung besteht im Verständnisde Mechanismen, welche hinter den Reaktionen der Individuen bezüglich Opowers HER und ihrem Energieverbrauch stehen.",""
107,347,"Eines der wichtigsten Punkte, welche die EC betont hat, ist die Bedeutung von Erfahrungs- und Handlungswerten, die in verschiedenen Member states (MS) ausgeführt werden.",""
108,35,"Ein zweites Ziel dieses Dokuments ist es mögliche Mechanismen zu testen, die das HER effektiv machen.",""
109,96,"Die Forschung zeigt beispielsweise, dass es einen Einfluss auf Menschen hat, wenn man ihnen sagt, wie andere Menschen, die ihnen ähnlich sind, handeln. So ändern sie zum Beispiel ihren Energie- oder Wasserverbrauch, ihre gemeinnützigen Tätigkeiten oder Spenden sowie ihre Sparentscheidungen.",""
110,314,"Mit einer geschätzten Anzahl betroffener Personen von 50 bis 125 Millionen ist Energieknappheit eines der Hauptprobleme im sozialen, technischen und legislativen Bereich der heutigen Zeit in Europa.",""
111,274,"Diese Arbeit sammelt die ersten Resultate der oben aufgeführten Aufgaben.",""
112,36,"Zunächst testen wir, ob das HER die individuellen Aspekte im Rahmen des Energiesparens aufzeigt.",""
113,119,"Ein weiterer wichtiger offener Punkt in der Forschung ist das Verständnis darüber, ",""
114,222,"Während das Sparverhalten von Leuten mit hohen biosphärischen Werten in der Literatur gut erfasst worden ist, ist wenig über die Reaktion dieser Konsumenten auf sozialen Vergleich bekannt.",""
115,442,"Energiearmut is eines der hauptsächlichen sozialen, technischen und legislativen Problemen der Gegenwart in Europe, mit einer Schätzung von betroffenen Personen von 50 bis 125 Millionen.",""
116,57,"Während das Sparvehalten von Leuten mit hohen biospherischen Werten bereits zu genüge in der Literartur behandelt wurde, ist relativ wenig über die Reaktion dieser Individuen zu Gruppenvergleichen bekan",""
117,376,"Im ersten Teil des A",""
118,88,"Zweitens, während ökologische Werte im Leben aller stabil bleiben, kann die ökologische Selbstidentität beeinflusst werden, beispielsweise durch Information in Bezug auf das Energiesparen.",""
119,63,"Insbesondere ist noch relativ wenig dazu bekannt, woher Heterogenitätseffekte bei einem bekannten Experiment zum sozialen Vergleich wie dem durch das Opower-Programm mit dem Home Electricity Report durchgeführten stammen.",""
120,374,"In diesem Projekt ist das Energy Consumpion Research Institute für die technische Ausbildung der HEAs und die Planung der Pilottätigkeiten zuständig.",""
121,115,"Indem Werte im Bereich Biosphäre aktiviert werden, stärkt der HER den Fokus des Konsumenten auf die Vorteile der Umwelt.",""
122,249,"Genauer gesagt, ist relativ wenig über die Quelle der Heterogenität im Resultat eines sehr bekannten Experiments des sozialen Vergleichs, wie zum Beispiel desjenigen vom Opower Programm durch den Home El",""
123,51,"Ein stärkerer Eindruck der Norm in Richtung",""
124,94,"Forschungsstudien wiesen nach, dass Menschen, wenn ihre Handlungsweisen mit denen ähnlicher Personen verglichen werden, zu einer Aenderung ihres Energie- und Wasserverbrauchs, ",""
125,149,"Ein weiteres Ziel dieses Papers ist es, mögliche Mechanismen auszuwerten, um HER effektiver zu gestalten.",""
126,291,"Die Energiearmut ist eine der grössten sozialen, technischen und legislativen Herausforderung, mit welcher sich Europa heute konfrontiert sind. Man schätzt, dass 50 bis 125 millionen Menschen davon betroffen sind.",""
127,436,"Ein Punkt, der von der Europäischen Kommission hervorgehoben wurde, ist die Bedeutung des Lernens aus Erfahrungen und bewährten Vorgehensweisen aus anderen Mitgliedsstaaten (MS).",""
128,342,"Vor diesem Hintergrund ",""
129,98,"Es ist insbesondere wenig darüber bekannt über die Gründed der Heterogenität ",""
130,211,"Das zweite Ziel des Papers ist es mögliche Mechanismen den HER effectiver zu machen zu testen.",""
131,257,"Während das Bewahru",""
132,477,"Im Projekt ist Energy Consumption Research Institute verantwortlich für das technische Training der HEAs und für die Planung der Pilotaktionen.",""
133,425,"Des Weiteren führt die unterschiedliche Datenlage in den EU-Ländern oftmals zu einer fragment",""
134,284,"Die Europäische Kommission (EK) investierte viel Aufwand in diese Problem, wie zum Beispiel bei der Einführung der EU Energiearmutsobservation im Januar 2018.",""
135,472,"Dies beachtend, ist das Ziel vom Projekt (finanziert von der EU Kommission unter dem Grant Agreement n. 12345), mit dem Energy Consumption Research Institute als Partner, ",""
136,441,"Desweiteren ist es so, dass die Erhältlichkeit der verschiedenen Daten von Eu Ländern oft fragmentiert und nicht vergleichbar aufgeteilt ist in den verschiedenen Mi",""
137,128,"Eine stärkere Wahrnehmung der Norm in Richtung Energiesparen könnte dann den Energieverbrauch beeinflussen.",""
138,180,"Trotz einem wachesendem Interesse an sozialen Vergleichsarbeiten, bleiben viele Fragen offen. ",""
139,386,"Die vorliegende Arbeit sammelt die ersten Ergebnisse der zuvor erwähnten Aufgaben.",""
140,501,"M",""
141,188,"Der Einfluss von sozialer Infromation auf Verhaten wurde in verschiedenen Umfeldern demonstriert.",""
142,224,"Eine weitere wichtige Lücke in der Forschung ist das Verständnis der Mechanismen hinter die Reaktionen von Individuen auf Opowers HER im Bezug auf ihren Energieverbrauch.",""
143,83,"Die verfügbaren Daten aus der Nutzung zeigt auf, ob eine Person die sozialen Informationen durch den Home Energy Report erhält, die Frequenz und die Art der sozialen Information, der Umgang der Kunden damit und der Energieverbrauch.",""
144,455,"Die europäische Kommisionb hat viel Arbeit in die Lösungsfindung dieses Problems investiert, wie beispielsweise am vor kurzer Zeit gegründeten EU Energy Poverty Observatory im Januar  ersichtlich ist.",""
145,52,"Der Einfluss sozialer Informationen auf menschliches Verhalten wurde inverschiedenen Situationen bewiesen.",""
146,141,"Das HER-Programm enthält verschiedene Elemente, darunter einen statischen Vergleich des Energieverbrauchlevels zwischen Nachbarn (eine deskriptive Norm), Rückmeldungen zur individuellen Leistung (eine injunktive Norm) sowie Tipps zum Energiesparen.",""
147,362,"Die European Commission (EC) hat schon viel Arbeit darin investiert, dieses Problem zu lösen. Das zeigt sich am Beispiel des kürzlich gegründeten EU Energy Poverty Observatory im Januar 2018.",""
148,147,"Eine weitere wichtige Lücke in der Forschung ist das Verständnis der Mechanismen hinter den individuellen Reaktionen auf Opower's HER betreffend Ihres Energieverbrauchs.",""
149,192,"Eine weit",""
150,438,"Diese Arbeit sammelt die ersten Resultate von den oben genannten Aufgaben. ",""
151,397,"Energiearmut ist eines der grössten sozialen, technischen und gesetzgeberischen Probleme der heutigen Zeit in Europa. Das Problem betrifft zwischen  50 und 125 Millionen Menschen.",""
152,508,"Die Europäische Kommission (EC) hat sich grosse Mühen gemacht, dieses Problem zu lösen wie gezeigt wurde. Beispielsweise mit dem kürzlichen Start des EU Energy Poverty Observatory im Januar 2018.",""
153,137,"Zuerst testen wir, ob der HER die individuelle Wahrnehmung der Norm auf dem Gebiet des Energiesparens beeinflusst.",""
154,91,"Die Analyse kombiniert Daten aus einem grossen randomized Programm, das von Opower in Italien durchgeführt wurde und bei dem die Studiendaten von Energieverbrauchern gesammelt wurden.",""
155,29,"Weiter kann die umweltbezogene Selbstwahrnehmung im Gegensatz zu den umweltbezogenen Werten, die eher stabil sind, beeinflusst weden, beispielsweise durch Informationen im Zusammenhang mit ",""
156,458,"Energiearmut ist eine der Grössten sozialen, technischen und gesetzlichen Probleme im heutigen Europa, mit einer geschätzten Anzahl von Betroffenen, die im Bereich von 50-125 Millionen liegt.",""
157,468,"Das Projekt (von der EU Kommission ",""
158,293,"Die EC betont allerdings wie wichtig es ist, von den Best Practices und den Erfahrungen der eigenen Mitgliedstaaten zu lernen. ",""
159,305,"Unter anderem hebt die EC die Relevanz von Lernen aus Erfahrung und von positiven Beispielen hervor, das in zahlreichen Mitgliedsstaaten (MS) umgesetzt wird.",""
160,516,"Diese Berater wurden spezifisch darauf trainiert, die Pilotaktionen umzusetzen, indem sie verletzliche Konsumenten schulen. Dies um deren Energiekonsum zu optimieren und möglicherweise zu reduzieren, vor allem durch Verhaltensänderung.",""
161,264,"Trotz wachsendem Interesse an Soial Comparion Research bleiben mehrere Fragen offen.",""
162,375,"Im vorliegenden Artikel werden die ersten Ergebnisse der oben erwähnten Aufgaben präsentiert.",""
163,388,"Die grösste Hürde bei der Durchführung dieser Analyse besteht darin, dass die in der Regel für Standardindikatoren (z.B. nie",""
164,464,"Ein wichtiger Punkt, der von der ECbetont wird, ist wie wichtig es ist von Erfahrungen zu lernen und von den besten Lösungsansätzen in verschiedenen Mitgliederstaaten(MS) zu  profitieren",""
165,431,"Die Europäische Kommission (EK) hat sich sehr bemüht, dieses Problem zu lösen, was beispielsweise durch die kürzliche Lancierung des EU Energy Poverty Obersvatory im Januar 2018 offensichtlich wird.",""
166,444,"Einer der Punkte, die vom EC betont wurden ist die Wichtigkeit, von den Erfahrungen und besten Praktiken zu lernen, die in den verschiedenen Mitgliedstaaten (MS) ausgeführt werden.",""
167,479,"Der erste Teil dieser Arbeit fasst die Resultate der statistischen Analyse zusammen, welches dazu dient einen ""energiearmen"" oder einen ""energieverletzlichen"" Konsumenten zu definieren, da eine gängige europäische Definition dieser n",""
168,234,"In unserem Bericht spekulieren wir, dass umweltfreundliche Werte eine wichtige Quelle für Heterogenität im Effekt von den Opower Gruppenvergleich repräsen",""
169,60,"Der Einfluss soziales Informationen auf das Verhalten einer Person wurde bereits in den unterschiedlichsten Feldern nachgewiesen.",""
170,135,"Der HER umfasst verschiedene Elemente, von einem statischen Vergleich mit Nachbarn im Hinblick auf den Energieverbrauch (deskriptive Norm) bis hin zu Rückmeldungen, wie gut Einzelne abschneiden (injunktive Norm), und Tipps zum Energiesparen.",""
171,420,"Einer der wichtigen Aspekte, den die Ec betont, ist das Lernen aus Erfahrung und von bewährten Vorgehensweisen, die in vielen Mitgliedstaaten (MS) durchgefhrt werden.",""
172,212,"Als ersten testen wir ob der HER einen Einfluss auf ",""
173,512,"Die EC hat viel Aufwand betrieben, um dieses Problem zu lösen, was sich beispielsweise durch die Gründung der EU Energy Poverty Observatory im Januar 2018m gezeigt hat.",""
174,65,"Der Einfluss von sozialen Informationen auf das Verhalten wurde  in verschiedenen Settings gezeigt.",""
175,108,"In diesem Artkel untersuchen wir, ob sich der soziale Vergleich auf den Stromverbrauch auswirkt und ob dieser Effekt davon abhängt, wie hoch die jeweiligen Personen ökologische Faktoren einordnen.",""
176,197,"Zum Beispiel zeigt die Forschung, dass es Menschen dazu motiviert, ihren Energie- und Wasserverbrauch, ihren Beitrag für gemeinützige Fälle und ihre Entscheidungen, Energie zu sparen, anzupassen, wenn man sie mit den Akionen anderer, ihnen ähnliche Menschen, vergleict.",""
177,168,"Ein zweiter Mechanismus könnte daher darin bestehen, dass die Information, die im HER dargebotn wird, die umweltbezogene Identität der Konsumenten beeinflusst.",""
178,494,"Solche Berater sind speziell trainiert, um die Pilot Massnahmen zu implementieren, indem sie Energie gefährdete Konsumenten (VCs) darin instruieren, ihren Energieverbrauch zu optimieren ( und möglicherweise zu reduzieren), indem sie ihre Verhaltensweisen anpassen.",""
179,278,"Die EC hat grosse Bemühungen betrieben, um das Problem zu lösen. So auch die Gründung des EU Energy Poverty Observatory im Januar 2018.",""
180,3,"Die Auswirkung von gesellschaftlicher Information über das Verhalten wurde in verschiedenen Settings demonstriert.",""
181,333,"Die European Commission (EC) hat grosse Anstrengungen unternommen um dieses Problem zu lösen. Dies wird durch die Bildung der EU Energy Poverty Observatory im Januar  2018 sichtbar.",""
182,164,"Ein weiteres Ziel dieses Berichts besteht darin, mögliche Mechanismen auszuwerten, wie HER wirksamer werden kann.",""
183,159,"Vor allem ist wenig bekannt über die Quellen der Hetegorenität bei den Auswirkungen eines gut bekannte Experiments zu sozialen Vergleichen wie demjenigen des Opower-Programms imrahmen des Home Electricity ",""
184,335,"Energiearmut ist eines der grösstem sozialen, technischen und legislativn Probleme zurzeit in Europa. Die geschätzte Zahl der von Energiearmut Betroffenen beträgt  50bis 125 Millionen.",""
185,203,"Ein zweiter Mechanismus könnte daher  sein, dass die Informationen, die mit dem HER übermitteltwerden, jemandes eigene Umweltidentitt vergrössern kann.",""
186,260,"Eine stärkere Wahrnehmung der Energiesparnormen dürfte dann den Energieverbrauch beeinflussen.",""
187,353,"Zusätzlich führen die Unterschiede in den Daten aus den EU-Ländern zu fragmentieren und oft unvergleichbarer Konsumentenssegmentierungen in den Mitgliedsstaaten.",""
188,338,"Vor diesem Hintergru",""
189,283,"Energiearmut, mit etwa  50 bis 125 Millionen Betroffenen, ist eines der grössten sozialen, technischen und legilativen Probleme der jetzige Zeit in Europa.",""
190,138,"Eine stärkere Wahrnehmung der Norm in Richtung Energiesparen hat möglicherweise einen Einfluss auf den Energieverbrauch.",""
191,401,"Dieses Paper präsentiert die ersten Ergebnisse dieser beiden Aufgaben.",""
192,356,"Energiearmut ist eines der grössten sozialen, technischen  und gesetzgeberischen Probleme des heutigen Europa. Die Zahl der betroffenen Personen wird auf 50 bis 125 Millionen geschätzt.",""
193,318,"Die europäische Komission (EK) beschäftigt sich intensiv damit, dieses Problem zu lösen. Die neuliche Lancierung des E",""
194,413,"Der erste Teil des Papers fasst die Resultat einer statistischen Analyse zusammen, die durchgeführt wurde, um den Begriff ""energy poor"" oder ""energy vulnerable"" Konsument richtig zu deuten, da eine einheitliche europäische Definition nicht existiert.",""
195,219,"Obwohl das Konservation-Verhalten von Personen mit hohen biosphärischen Werten gut dokumentiert ist in der Literatur, ist wenig bekannt über die Konsumenten antworten im Vergleich.",""
196,419,"Die Europische Kommission (EC) bemht sich umfassend um die Lösung desProblems, wie die  jüngste Einfhrung des EU Energy Poverty Observatory im Januar 2018 zeigt.",""
197,491,"Diese Studie sammelt die ersten Resultate der oben genannten Aufgaben.",""
198,199,"Ein zweiter Ansatz dieses Berichts ist, mögliche Mechanismen zu testen, die den HEr effektiv machen.",""
199,504,"Energiearmut ist eines der wichtigsten sozialen, technischen und gesetzgeberischen Probleme in Europe in der Gegenwart, wobei die geschätzte Anzahl der Betroffenen von 50 bis 125 Millionen reicht.",""
200,513,"Einer der Punkte, der vom EC unterstrichen wird, ist, dass durch Erfahrung und von den besten Ansätzen diverser Mitgliedstaaten gelernt werden müsse.",""
201,118,"In diesem Paper anaylsieren wir, ob Sozialvergleiche einen Effekt auf den Wasserverbrauch haben, und ob dieser Effekt davon abhängig ist, wie stark eine Person ökologische Wertvorstelungen gewichten.",""
202,9,"So zeigt die Studie zum Beispiel, dass, wenn Menschen ihr Verhalten mit dem Anderer vergleichen, ähnliche Menschen dazu ermutigt werden, ihr Energie- und Wasserverbrauch, ihre Mithilfe an gemeinnützigen Projekten und ihr Sparverhalten zu ändern.",""
203,62,"Trotz des wachsenden Interesses an Forschung zu sozialen Vergleichen sind noch einige Fragen offen.",""
204,12,"Zweitens, während Werte betreffend Umwelt dazu tendieren, bei allen während dem ganzen Leben stabil zu bleiben, kann die Umwelt-Selbstidentität beeinflusst werden, zum Beispiel, durch Informationen zum Energiesparen.",""
205,507,"Energiearmut ist eines der Hauptprobleme  Europas sowohl sozial, technologisch wie auch gesetzlich mit einer Anzahl von geschätzt 50 bis 125 Millionen betroffenen Menschen.",""
206,481,"Die Europäisch Koommision (EC) hat einen grossen Aufwand betrieben, um dieses Problem zu bewältigen, wie sie es zum Beispiel mit dem kürzlichen Start der EU Energie Armut Beobachtung im Janurat 2018 gezeigt haben- ",""
207,207,"Trotz des wachsenden Interesse in die Forschung an Sozialem Vergleich bleiben einige offene Fragen",""
208,165,"Zuerst wurd getestet, ob der HER die Wahrnehmungen der Personen von Normen im Bereich der Energiekonservierung beeinflusst.",""
209,11,"Vor allem ist nicht viel bekannt über die Quellen der Heterogenität, die man in Effekten von klassischen sozial",""
210,443,"Die Europäische Kommission (EK) hat viel Aufwand betrieben, um dieses Problem zu lösen, wie zum Beispiel mit dem kürzlichen Startschuss der Eu Energy Poverty Observatory im Januar 2018 gezeigt wurde.",""
211,341,"Einer der wichtigsten Punkte, die die EC anführt, ist die Wichtigkeit aus der Erfahrung und den besten Praktiken in den verschiedenen Mitgliedsstaaten (MS) zu lernen.",""
212,418,"Energiearmut gehört zu den wichtigsten gesellscahftlichen, technischen und gesetzlichen Problemen aktuell in Europa, mit geschätzten 50 bis 125 Millionen Menschen, die betroffen sind.",""
213,428,"Die Europäische Kommission (EC) hat viel darin investiert, dieses Problem zu lösen. Dies zeigt zum Beispiel die kürzliche Lancierung der Beobachtungsinstitutions EU Energy Poverty Observatory im Januar 2018.",""
214,298,"Das Hauptziel bei der Durchführung dieser Analyse ist, dass die Daten, welche oftmals für Standardindikatoren (z. B. Tiefes-Einkommen Hohe-Kosten) genutz werden,",""
215,421,"Vor diesem Hintergrund möchte das hier vor",""
216,136,"Ein zweites Ziel dieses Papers ist das Testen möglicher Mechanismen, die den HER effektiv machen.",""
217,198,"Trotz wachsendem I",""
218,313,"Eines der zentralen Punkte für die EC war die Wichtigkeit",""
219,296,"Diese Studie sammelt die ersten Resultate der oben erwähnten Aufgaben.",""
220,127,"Zuerst testen wir, ob der HER die individuelle Wahrnehmung der Norm im Bereich Energiesparen verändert.",""
221,326,"Die grösste Hürde bei dieser Analyse ist, dass die Daten, die oft als Standardindikatoren genutzt werden (z.B. geringes Einkommen hohe Kosten), in vielen Ländern nicht verfügbar sind, weswegen neue Wege für eine Definition energiegefährdeter Konsumenten ",""
222,166,"Eine erhöhte Wahrnehmung der Norm, Energie zu sparen, könnte dann einen Einfluss auf den Energiekonsum haben.",""
223,54,"Trotz des wachsenden Interesses an Untersuchungen zu sozialem Vergleich verbleiben zahlreiche offene Fragen.",""
224,292,"Die European Commission (EC) hat durch die Lancierung des EU Energy Poverty Observatory in Januar 2018 gezeigt, wie viel Effort momentan in die Lösung dieses Problems investiert wird.",""
225,32,"Trotz wachsendem Interesse an Forschung im Bereich sozialer Vergleich gibt es noch einige Fragen zu klären.",""
226,268,"Ein weiteres Ziel dieses Artikels ist es, mögliche Mechanismen zu testen, die HER effektiv machen.",""
227,78,"Eine stärkere Wahrnehmung der Norm in Richtung Energieeinsparung kann dann den Energieverbrauch beeinflussen.",""
228,17,"Eine weitere Frage, welche sich gestellt hat, ist was die Beweggründe des individuellen handelns als Reaktion auf die von Opower's HER hat. ",""
229,352,"Die Hauptschwierigkeit bei der Durchführung dieser Analyse besteht darin, das die Daten, welche für Standardindikatoren (z. B. Tiefes Einkommen Hohe Kosten) nötig sind, in vielen Ländern nicht verfügbar sind, so dass neue Wege gefunden werden müssen, um eine Defintion für energieschwache Konsumenten zu finden.",""
230,59,"Die Forschung zeigt zum Beispiel, dass der Vergleich des Handelns und Tuns de",""
231,93,"Der Einfluss sozialer Informationen auf das Verhalten wurde in einer Reihe verschiedener Settings aufgezeigt.",""
232,330,"Des weiteren führen die Unterschiede zwischen den in den EU-Ländern verfügbaren Daten zu fragmentierten und oft inkompatiblen Segmentierungen der Konsumenten in den Mitgliedsstaaten.",""
233,61,"Die Forschung hat gezeigt, dass Menschen Ihren Energie- und Wassergebrauch, Ihre Spenden für wohltätige Zwecke und ihre Sparentscheide anpassen, wenn man ihnen sagt, wie ihre Handlungen im Vergleich mit denen anderer, ähnlicher Menschen ausfallen.",""
234,482,"In diesem Projekt ist die Energy Consumption Research Institure zuständig für das technische Training der HEAs und für die Planung der pilot actions.",""
235,361,"Energiearmut ist eine der grundlegenden sozialen, technischen und rechtlichen Herausforderungen in Europa heutzutage. Das Problem betrifft schätzungsweise  50 bis 125 Millionen Menschen.",""
236,457,"Mit diesem Gedanken beibehalten; das Projekt hier (welches von der EU  Kommission unter dem ",""
237,176,"So hat die Forschung gezeigt, dass Menschen, deren Verhalten jenem vergleichbarer Personen gegenübergestellt wird, diese ermutigt, ihren Energie- und Wasserverbrauch zu reduzieren und ihren Beitrag zu wohltätigen Zwecken sowie Entscheide zu Einsparungen zu verändern.",""
238,87,"Eine stärkere Wahrnehmung der Norm in Richtung Energiesparen könnte den Energieverbrauch beeinflussen.",""
239,214,"Zum Beispiel, Forschungen zeigen dass das vergleichen von Handlungen mit denen Anderer, ähnliche Menschen ermutigt ihren Energie- und Wasserverbrauch an zu passen, ihre Beteiligung an gutnützige Ziele, und sparr Entscheidungen anzupassen.",""
240,459,"Die Europäische Kommission hat eine grosse Menge Arbeit in die Lösung dieses Problems gesteckt, wie gezeigt, zum Beispiel durch die kürzliche Veranstaltung des Eu EnergyPoverty Obsevatory im Janur 2018",""
241,21,"Zum Beispiel zeigt die Forschung, dass es Menschen ermutigt, ihr Energie- und Wasserverbrauch, ihr Beitrag an Wohltätigkeit, und ihre Sparentscheidungen zu verändern, wenn ihnen gesagt wird, wie ihre Taten mit denen von anderen, ähnliche",""
242,510,"M",""
243,368,"Auf dieser Grundlage beabsichtigt das Pro",""
244,287,"Energiearmut is eine der Hauptprobleme betreffend Sozialem, Technischem und Legislativem in der heutigen Zeit in Europa. Die geschätzte Anzahl Personen, die betroffen sind, beträgt zwischen 50 und 125 Millionen.",""
245,493,"Das grösste Hindernis beim Durchführen dieser Analyse ist, dass die Daten, welche häufig als Standardindikatoren verwendet werden ( bspw. Tiefes-Einkommen, Hohe-Kosten), in vielen Ländern fehlen. Dadruch müssen neue Wege zur Bestimmung eines ""energie-verletzlichen-Ko",""
246,403,"Das Haupthdernis bei dieser Analyse besteht darin, dass die Daten, die oft für Standard-Indkatoren (z.B. niedriges Einkommen - hohe Kosten) für viele Länder nicht zur Verfügung stehen, daher mussten neue Wege erkundet werden, um energie-vulnerable KonsumentInnen zu definieren.",""
247,327,"Dieses Schreiben präsentiert die Ergebnisse der beiden Aufgaben.",""
248,153,"In diesem Paper testen wir den Effekt solialen Vergleichens auf energiesparendes Verhalten und ob dieses davon abhängt, inwieweit einzelne Personen ein hohes Umweltbewusstsein haben.",""
249,325,"Der erste Teil des Papers fasst die Ergebnisse einer statistischen Analyse zusammen, die ""energiearme"" oder ""energiegefährdete"" Konsumenten definieren sollte, da eine gemeinsame europäische Definition nicht existiert.",""
250,4,"Zum Beispiel haben Untersuchungen gezeigt, dass sich die Einstellung gegenüber Energie- und Wasserverbrauch, Spenden und Sparverhalten verändert, sobald man mit ähnlichen ",""
251,97,"Trotz des steigenden Interesses an sozialer, komparativer Forschung bleiben jedoch viele Fragen unbeantwortet.",""
252,239,"Eine weitere wichtige Lücke in der Literatur bildet da Verstehen von den Mechanismen der Reaktionen der Individuen auf das HER von Opower in Bezug auf ihre Energieverbrauch.",""
253,349,"Energiearmut ist eine der sozialen, technischen und rechtlichen Hauptproblematik im heutigen Europa. Es wird geschätzt, dass run 50 bis 125 Millionen Menschen davon betroffen sind.",""
254,422,"Diese Studie fasst die ersten Ergebnisse zu den zuvor erwähnten Aufgaben zusammen.",""
255,297,"Der erste Teil der Studie fasst die Resultate einer statistischen Analyse zusammen, die durchgeführt wurde, um zu verstehen, wie eine ""energiearme"" oder ""energiegefährdete"" Konsumerschaft definiert werden kann, da eine allgemeine Europäische Definition nicht existiert.",""
256,288,"Die European Commission (EC) hat grossen Aufwand betrieben, um dieses Problem zu lösen, wie zum Bespiel der kürzliche Launch des EU Energy Poverty Observatory im Januar 2018 gezeigt hat.",""
257,102,"Zuerst testen wir, ob der HER die Wahrnehmung von Einzelpersonen bezüglich Normen im Bereich Energiesparen beeinflusst.",""
258,469,"Energiearmut ist eine der sozialen, technischen und leglislativen Hauptprobleme im aktuellen Europa, da die geschätzte Zahl von betroffenen Menschen zwischen 50 und 125 Millionen liegt.",""
259,237,"Trotz einem wachsendem Interesse in Sozialen Vergleich Versuchen, bleiben aber viele Fragen offen.",""
260,270,"Die Energieärmlichkeit ist eines der wichtigsten sozialen, technischen und legislativen Problmen in der heutigen Zeit in Europa. Es sind ungefähr 50 bis 125 Millionen Menschen davon betroffen.",""
261,320,"Dieser Artikel präsentiert die ersten Resultate dieser zwei Aufgaben.",""
262,440,"Die grösste Hürde im Durchführen dieser Analyse ist, dass die Daten, welche für Standardindikatoren (wie tiefes Einkommen und hohe Kosten) gebraucht werden, nicht erhältlich sind für einige Länder, weswegen neue Wege für das Verstehen, was ein ""energieverletzlicher Konsument"" ist, erkundet werden müssen. ",""
263,144,"Eine stärkere Wahrnehmung der Norm, Energie zu sparen, könnte dann den Energieverbrauch beeinflussen.",""
264,111,"Erstens testen wir, ob der HER die individuelle Wahrnehmung von Normen im Bereich des Energiesparens beeinflusst. ",""
265,187,"Während Umweltwerte dazu tendiere, im Leben der Leute stabil zu bleiben, kann umweltbezogene Selbst-Identität beeinflusst werden, zum Beispiel von Information ",""
266,391,"Im ersten Teil des Papers werden die Ergebnisse einer statistischen Analyse zusammengefasst, die durchgeführt wurde, um ""energiearme"" und ""energiegefährdete"" Verbraucher zu definieren, da keine für ganz Europa gültige Definition existiert.",""
267,398,"Die Europäische Kommission (EK) hat grosse Anstrengungen unternommen, um das Problem zu lösen, wie zum Beispiel das im Januar 2018 lancierte Programm EU Energy Poverty Observatory.",""
268,220,"In diesem Paper testen wir ob es einen Effekt auf den Sozialen Vergleich der Energie Konservatin gibt und ob dieser Effekt vom Ausmass der gelebten hohen ökologischen Werte der Individuen abhängig ist.",""
269,77,"So ist zum Beispiel relativ wenig über die Heterogenitätsquell",""
270,262,"Der Einfluss gesellschaftlicher Informationen auf das Verhalten wurde in einer Anzahl verschiedener Settings gezeigt.",""
271,415,"Es macht dies, inden es eine Serie von Pilottätigkeiten mit einer Gruppe von Heas (Home Energy Advisors) implementiert. Pilotaktionen oben",""
272,414,"Die grösste Herausforderung bei der Durchführung diese Analyse bestand darin, dass Daten oft für Standardangaben (z.B. Tiefes Einkommen Hohe Kosten) nicht in allen Ländern vorhanden sind. So mussten neue Wege gefunden werden, um """,""
273,502,"Mit diesem Hintergrund versucht das hier vorgestellte Projekt, das von der EU Kommission unter dem Grant Agreement 12345 finanziert wurde und welches das Consumption Resaerch Institute als Partner hat,die besten Praktiken und Empfehlungen zu finden um Energiarmut anzugehen.",""
274,406,"In dieser Arbeit werden die ersten Ergebnisse der vorher erwähnten Aufgaben gesammelt.",""
275,475,"Diese Arbeit sammelt die ersten Resultate der oben genannten Aufgaben.",""
276,372,"Das Haupthindernis bei der Durchführung der Analyse besteht darin, dass ",""
277,309,"In diesem Paper werden die ersten Ergebnisse dieser beiden Aufgaben präsentiert.",""
278,290,"Dies im Auge behaltend, zielt d",""
279,70,"Der Einfluss von sozialen Informationen auf das Verhalten wurde in verschiedenen Settings gezeigt.",""
280,434,"Energiearmut ist eines der grössten gesellschaftlichen, technischen und rechtlichen Probleme der heutigen Zeit in Europa mit geschätzten 50 bis 125 Millionen Betroffenen.",""
281,484,"Der erste Teil des Berichts fasst die Resultate einer statistischen Analyse zusammen, welches in Stande gesetzt wurde, um die ""energie-armen"" oder ""energie-empfindlichen"" Konsumenten zu definieren, da keine allgemeine europäische Definition existiert.",""
282,47,"Ein weiteres Ziel dieses Artikels ist es, die mö",""
283,267,"HER vermittelt verschiedene Elemente, von einem statischen Nachbarvergleich bezüglich ENergieverbrauch (deskriptive Norm), hin zu Rückmeldungen darüber, wie gut ein Individuum performt (injunktive norm), sowie Tipps zum Energiesparen.",""
284,367,"Einer der Punkte, welcher von der EK betont wird, ist die Wichtigkeit, von den Erfahrungen und besten Praktiken in den verschiedenen Mitgliedsstaaten zu lernen.",""
285,256,"In unserem Paper spekulieren wir, dass Umweltbewusstsein eine wichtige Quelle der Heterogenität darstellt in Bezug auf den Effekt der Opower Vergleichsstudie.",""
286,498,"Energiearmut ist eines der wichtigsten sozialen, technischen und gesetgeberischen Probleme im Moment in Europa mit einer geschätzen Zahl von 50 bis 125 Millionen Betroffener.",""
287,252,"Der Einfluss von sozialer Information auf das Verhalten ist in einer Vielzahl von Umgebungen nachgewiesen worden.",""
288,152,"W",""
289,185,"Zuerst testen wir ob der HER die Empfindung der Individuen von Normen in dem Raum der Energiesparens beeinflusst.",""
290,265,"So ist vor allem in Bezug auf die Herkunft der Heterogenität der Wirkung beka",""
291,346,"Die European Commission (EC) hat viel dafür getan, um dieses Problem zu lösen, wie beispielsweise die kürzliche Einführung der EU Energy Poverty Observatory im Januar 2018 gezeigt hat.",""
292,236,"Zum Beispiel indizieren Versuche, dass bei Leuten denen gesagt wird, wie sie sich mit vergleichbaren Menschen schlagen, die Leute ihre Energie und Wasserkonsum, ihre Kontribution zu Spende-Zwecken und Ihre Spar-Entscheidungen verbessernn.",""
293,126,"Ein zweites Ziel dieses Artikels ist  es, mögliche Mechanismen zu testen, die den HER wirksam machen.",""
294,302,"Der erste Teil der Arbeit fasst die Reu",""
295,189,"Forschung zeigt, dass wenn man Leuten erzählt wie ihre Aktionen verglichen mit denen von anderen ähnlichen Leuten sind, es dazu führt das sie ihren Energie und Wasser Verbrauch, ihre Kontributionen zu ",""
296,139,"Zweitens, während äussere Werte im Lauf des Lebens meist stabil bleiben, kann die umweltbezogene Selbstidentität beeinflusst werden, zum Beispiel durch Informationen zum Energiesparen.",""
297,294,"Unter diesen Rahmenbedingungen v",""
298,453,"Einer der meist betonten Punkte der EC ist die Wichtigkeit aus Erfahrungen und den besten Umsetzungsmethoden der verschiedenen Mitg",""
299,351,"Ein Punkt, den die EK besonders hervorgehoben hat, ist die Bedeutung, die dem Lernen aus Erfahrung und aus den Best Practices aus den verschiedenen Mitgliedstaaten (MS) beigemesse",""
300,306,"Vor diesem Hintergrund versucht das hier erwähnte Projekt (von Der EU-Kommission",""
301,242,"Zunächst, testen wir ob das HER die Wahrnehmung der Normen des Einzelnen beeinflusst im Bereicht der Energiekonservation.",""
302,359,"Vor diesem Hintergrund verfolgt das (von der EU Commission im Sinne des Grant Agreement Nr. 12345 finanzierte) Projekt, an dem das Energy Consumption Research Institute beteiligt ist, das Ziel, Best Practices und Empfehlungen zur Minderung der Energiearmut bekanntzugeben.",""
303,44,"Der HER besteht aus verschiedenen Bestandteilen: einen statischen Vergleich bezüglich des Energieverbrauchs mit den Nachbarn (deskriptive Norm), ",""
304,449,"Die Europäische Kommission (EC) hat viel Aufwand in die Lösung dieses Problems gesteckt, wie beispielsweise mit dem kürzlichen Beginn des EU Energy ",""
305,179,"Zum Beispiel, vergangene Befunde zeigen, dass, wenn man Leuten erzählt wie ihre Tätigkeiten mit denjenigen von anderen verglichen werden, es sie ermutigt, ihren Energie- und Wasserverbauch, ihre Beiträge zu gemeinnützigen Organisationen und ihre Sparverhalten zu verändern. ",""
306,319,"In diesem Projekt ist das Energy Comsumption Research Institute für das technische Training der HEAs und die Planung der Pilotprojekte zuständig.",""
307,364,"Das",""
308,194,"Zum Beispiel, zeigt die Recherche, dass den Menschen zu sagen wie sich ihre Reaktion mit anderen vergleichen, ähnliche Menschen ermutigt ihre Enegie und Wasserkonsumation, ihr Beitrag zum guten Zweck und ihre Spar Entscheidungen anzupassen.",""
309,400,"Vor diesem Hintergrund zielt das Projekt (finanziert durch die EK unter dem Grant Agreement Nr. 12345) darauf ab",""
310,289,"Eine der Punkte, die die EC betont, ist die Wichtigkeit des Lernens aus Erfahrung und von den besten Praktiken, die in anderen Mitgliedsstaaten (MS) verwendet werden.",""
311,272,"Ein Punkt vom EC ist die Wichtigkeit von Erfahrungen zu lernen und die beste Praktis an ",""
312,350,"Die Europäische Kommission (EK) hat viel Mühe darin gesteckt, die Problematik zu lösen, wie sich am Beispiel des im Januar 2018 gestarteten EU Energy Poverty Observation zeigt.",""
313,450,"Mit diesem Gedanken, das Projekt (gesponsert von der EU Kommission unter dem Einverständnis n. 12345) von dem das Energy Consumption Research Institute ein Partner ist, versucht die besten Praktiken und Empfehlungen um Energie Armut anzusprechen von ",""
314,363,"EC betont insbesondere, dass es wichtig sei, von den Erfahrungen und ""best practices"" der verschiedenen Members states (MS) zu lernen.",""
315,437,"Vor diesem Hintergrund ",""
316,474,"Im Projekt ist das Energy Consumption Research Institute für die technische Ausbildung der HEAs und die Planung der Pilotaktionen zuständig.",""
317,190,"Während das Konservierungsverhalten von Menschen mit hohen biosphärischen Werten vielfach in der Literatur erforscht wurde, weiss man nur wenig über die Reaktionen dieser Individuen auf Peer-Vergleiche.",""
318,191,"In dieser Arbeit testen wir den Effekt des sozialen Vergleichs der Energiekonservierung und ob dies mit der Höhe des Umweltbewusstseins zusammenhängt.",""
319,269,"Zuerst testen wir ob HER die individuelle Wahrnehmung von Norm in der Energeckp",""
320,79,"Zweitens bleiben umweltbezogene Einstellungen während des Lebens mehrheitlich stabil, während umweltbezogene Selbstidentität beeinflusst werden kann, beispielsweise durch Informationen über den Energieverbrauch.",""
321,295,"In dem Projekt ist das Energy Consumption Research Institute für das technische Training der HEA's und die Pilot Aktionsplanung verantwortlich.",""
322,26,"Ein zweites Ziel der Arbeit ist das Testen möglicher Mechanismen, die zur Wirkung von HER beitragen.",""
323,90,"Durch die Aktivierung von biosphärischen Werten stärkt der HER den Fokus der Personen zugunsten der Umwelt.",""
324,446,"Einer der Punkte der von der EC hervorgehoben wurde ist die Wichtigkeit des Lernens durch Erfahrung und von den besten Sachen die ausgeführt werden in verschiedenen Mitgliedsstaaten (MS).",""
325,25,"Das HER ",""
326,497,"Der erste Teil des Artikels fasst die Resultate der statistischen Analysen, welche durchg",""
327,323,"In diesem Projekt ist das Energy Consumption Research Institute verantwortlich für die technische Ausbildung der HEAs und für die Planung der Pilotaktionen.",""
328,217,"In unserem Forschungsbericht, hypothesieren wir d",""
329,499,"Die Europäische Kommission (EK) hat grosse Anstrengungen unternommen, um dieses Problem zu lösen, was sich beispielsweise in der kürzlich von Statten gegangenen Einführung der EU Energiearmutsbeobachtung im Januar 2018 zeigt.",""
330,395,"Zudem führen die Unterschiedein den Daten, die in EU-Ländern zur Verfügung stehen, zu fragmentierten und oft inkompatiblen Verbrauchersegmentierungen in den Mitgliedsländern.",""
331,407,"Der erste Teil der Arbeit fasst die Ergebnisse einer statistischen Analyse zusammen, die durchgeführt wurde, um zu verstehen, wie ""energiearme"" oder ""energiegefährdete"" Verbraucher zu definieren sind, da keine gemeinsame europäische Definition existiert.",""
332,43,"Des Weiteren wurde in der Forschung die Mechanismen hinter der individuellen Reaktion auf den Opower Home Energy Report (HER) im Bereich des Energieverbrauchs noch nicht genügend untersucht.",""
333,277,"Energiearmut ist eines der Hauptprobleme in Europa, von welchem  bis  Millionen Menschen auf sozialer, technischer und ausführender Ebene betroffen sind.",""
334,161,"Der HER enthält verschiedene Elemente: statischer Vergleich unter Nachbarn des Energieverbrauchs (eine deskriptive Norm), Feedback zur Eigenleistung (eine injunktive Form) sowie Tipps zum Energiesparen.",""
335,452,"Die Europäische Kommission (EC) hat sich schon sehr stark bemüht, dieses Problem zu lösen. So wie z.B. bei der kürzlichen Einführung des Eu Energy Poverty Ovservatory im Januar 2018.",""
336,28,"Eine bewusstere Wahrnehmung einer Norm im Zusammenhang mit Energie sparen könnte den Energieverbrauch beeinflussen.",""
337,235,"Die Influenz von sozialen Informationen auf das Verhalten wurde in verschiedenen Einstellungen demonstriert.",""
338,202,"Zweitens, während das Umweltbewusstsein in jedermann'""s Leben gleichbleibend zu sein scheint, kann die eigene Umweltidentität beeinflusst werden, zum Beispiel durch Informationen bezüglich der Energiesparung.",""
339,515,"Es tut dies mit dem Einsatz einer Serie von Pilotaktionen mit einer Gruppe von Beratern namens HEAs (Home Energy Advisors).",""
340,243,"Eine stärkere Wahrnehmung der Norm Energie zu konservieren könnte dann die En",""
341,209,"In unserem Bericht spekulieren wir, dass Werte, die das Umweltbewusstsein betres",""
342,95,"Der Einfluss von sozialen Aspekten auf das Verhalten wurde in einer Mehrzahl von Situationen gezeigt.",""
343,383,"Die EC hat z. B. betont, wie wichtig es ist, von den Erfahrungen und Best Practices der einzelnen Mitgliedstaaten zu lernen.",""
344,216,"Spezifisch, relativ wenig ist bekannt über die Herkunft der Heterogenität des beobachteten Effekts von classic social comparison experiments, wie dem Opowers Home Electricity Report program.",""
345,99,"Eine andere entscheidende Kluft in der Forschung ist das Verständnis der Mechanismen hinter den Reaktionen von Einzelpersonen auf Opowers Her in Bezug auf Energieverbrauch.",""
346,344,"Diese ""Advisors"" wurden  speziell ausgebildet, um diese  Pilotaktionen einzuführen. Unter diesen Aktionen gehen z.B. das Bilden von Energiekonsumenten, um deren Konsum zu optimieer",""
347,445,"Dies im Hinterkopf, versucht das Projekt (von der EU Komission unter Grant Agreement .12345 gefördert), von welchem Energy Conmsuption Research ein Partner ist, die besten Prakiken und Empfehl",""
348,427,"Energiearmut ist gegenwärtig eines der grössten sozialen, technischen und legislativen Problemen Europas mit  50 bis 125 Millionen betroffenen.",""
349,116,"Diese Analyse kombinier",""
350,213,"Der Einfluss von sozialen Informationen auf das Verhalten wurde in zahlreichen Umgebungen gezeigt.",""
351,18,"Die HER enthält verschiedene Elemente. Dazu gehören Vergleiche zum Energieverbrauch der Nachbaren (eine deskriptive norm), feedback zur individuellen norm (eine injunktive Norm) sowie energiespartipps. ",""
352,392,"Die grösste Schwierigkeit bei der Durchführung dieser Analyse",""
353,371,"Im ersten Teil des Dokuments werden die Ergebnisse einer statistischen Analyse vorgestellt, die zum Ziel hatte, ""energiearme"" bzw. ""energiegefährdete"" Verbraucher zu definieren, da eine einheitliche Definition in Europa nicht existiert.",""
354,55,"Es ist besonders wenig bekannt über die Ursprünge von Heterogenität imzuge eines bekannten Experiments zu sozialem Vergleich, wie etwa das von Dem  Opower-Programm durch den Home Exlectricity Report bereitgestellte.",""
355,405,"Um diese Hürde zu beseitigen, ist es notwendig, den Hintergrund, vor dem die Pilotprojekte umgesetzt werden sollen (die Situation in den jeweiligen ",""
356,465,"Energie Armut ist eine der grössten sozialen, technischen und legislativen Probleme des gegenwertigen Europas, mit einer geschätzten Nummer von 50 bis 125 Millionen betroffenen Personen.",""
357,68,"Eine weitere wichtige Forschungslücke  sind das Verstehen der Mechanismen hinter der Reaktion eines Individuums auf den OPower Home Energy Report (HER) in Bezug auf den Energieverbrauch.",""
358,5,"Das Konservationsverhalten von Leuten mit hohen biosphärischen Werten wurde in der Literatur ausführlich studiert, es ist jedoch sehr wenig über die ""Individual zu Kollegen"" Vergleiche bekannt.",""
359,461,"Auf dieser Grundlage zielt das hier berichtete Projekt (gegründet con der EU Kommission durch das Gran Agreement Nr.12345), ",""
360,518,"Dieser Artikel präsentiert die ersten Resultate dieser zwei Aufgaben.",""
361,487,"Der erste Teil dieser Arbeit fasst die Resultate einer statistischen Analyse, die ausgefuert wurde um zu verstehen wie ein EnergieArmer oder Energie-verletzbarer Konsument definiert wird, zusammen, da keine geminsame Europaeische Defintion besteht.",""
362,303,"Energiearmut ist heute eines der sozialen, technischen und legislativen Hauptthemen in Europa und betrifft laut Schätzungen zwischen  50 und 125 Millionen Menschen.",""
363,255,"Insbesondere, weiss man relative wenig über den Ursprung der Heterogenität in Bezug auf den Effekt eines wohlbekannten Experimentes mit sozialen Vergleichen, wie es im Opower Programm zur Verfügung gestellt wird.",""
364,162,"Der Einfluss sozialer Informationen auf das Verhalten  konnte in mehreren Settings aufgezeigt werden.",""
365,8,"Die HER besteht aus verschiedenen Elementen. Es zieht folgende Elemente mit ein: einen statischen Nachbarsvergleich des Energieverbrauchs (eine deskriptive Norm), Rückmeldung zu individuellen Leistungen (eine injunktive Norm) und Tipps zum Energie",""
366,402,"Der erste Teil der Arbeit fasst die Ergebnisse einer statistischen Analyse zusammen, die durchgeführt wurde, um ""energiearm"" oder ""energie-vulnerable"" VerbraucherInnen zu definieren, da es keine europäische Definition gibt.",""
367,387,"Der erste Teil der Arbeit fasst die Ergebnisse einer statistischen Analyse zusammen, die durchgefhrt wurde, um zu verstehen, wie ein ""energiearmer"" oder ""energiegefährdeter"" Verbraucher zu definieren ist, da eine allgemeine europäische Definition nicht existiert.",""
368,299,"Solche Ratgeber sind speziell trainiert um solche Pilotaktionen durchzuführen indem sie anfällige Konsumenten (VCs) helfen, die Energiekonsumption zu optimieren (und möglicherweise zu reduzieren), dies meist durch Einen Wechsel im Verhalten.",""
369,429,"Einen der Punkte, welche das EC hervorhebt, ist, wie wichtig es ist, von Erfahrungen und besten Praktiken der verschiedenen Mitgliedsstaaten (MS) zu lernen.",""
370,45,"Eine weitere Forschungslücke stellt das Verständnis der Mechanismen hinter der Reaktion von Personen auf den Opower Home Energy Report (HER) im Bereich Energienutzung dar.",""
371,311,"Energiearmut ist mit geschätzten 50 bis 125 Millionen Betroffenen aktuell eines der sozialen, technischen und legislativen Hauptprobleme in Europa.",""
372,177,"Trotz eines grossen Interesses an vergleichender Sozialfors",""
373,399,"Einer der von der EK betonten Punkte ist die Wichtigkeit, von den  Erfahrungen und Best Practices in den verschiedenen Mitgliedsstaaten (MS) zu lernen.",""
374,271,"Die European Commission (EC) investierte viel, um dieses Problem zu lösen.  Dies zeigt zum Beispiel die aktuelle Einführung des EU Energy Poverty Observatory im Januar 2018.",""
375,24,"Eine weitere wichtige Lücke in der Forschung ist das Verstehen der Mechanik hinter den individuellen Reaktionen zu Opowers HER bezüglich der Enrgienutzung.",""
376,76,"Auch wenn das Interesse an der Forschung zu Sozialem Vergleich ansteigt, bleiben noch einige Fragen offen.",""
377,231,"Obwohl ein wachsendes Interesse an Sozialvergleichenden Recherche",""
378,186,"Eine stärkere Empfindung der Norm, energie zu sparen, könnte da die Energiekonsum beeinflussen.",""
379,389,"In diesem Projekt ist das Energy Consumption Research Institute zuständig für die technische Ausbildung der HEAs und die Planung der Pilotaktionen.",""
380,49,"Ein zweites Ziel dieser Studie ist es, mögliche Mechanismen zu testen, die den HER Report effektiv machen.",""
381,460,"Einer der Punkte, die die EC betont, ist die Rolle des Lernens durch Erfahrung und durch die besten Praktiken, die in den teilnehmenden Staaten durchgeführt werden",""
382,210,"Der HER liefert verschiedene Elemente, von einer vergleichenden Statischen energy Verbrauchs (deskriptive Norm), über Rückmeldungen wie gut der Einzelne abschneidet (injuktive Norm), bis zu wie man einfach Energie sparen kann.",""
383,254,"Trotz des wachsenden Interesses an sozialer Vergleichsforschung bleiben einige offene Fragen.",""
384,248,"Trotz wachsendem Interesse an der Forschunt zu sozialem Vergleich, gibt es weiterhin einige offene Fragen.",""
385,34,"Das HER liefert verschiedene Elemente, von einem statischen Nachbarsvergleich des Energieverbrauchs (beschreibende Norm) über Feedbacks zur individuellen Performance (injunktive Norm) bis hin zu Energiespartipps.",""
386,377,"Das Hauptproblem bei der Analysefindung ist, dass die Daten of lediglich für Standardindikatoren verwendet werden (z.B. tiefes Einkommen hohe Kosten) und dass diese Indikatoren nicht in in vielen Ländern verfügbar sind. Deshalb braucht es neue Ansätze, wie ""energieverletzliche Konsumenten definiert werden können. ",""
387,121,"Die Forschung deutet beispielsweise daruf hin, dass Menschen, wenn man ihre Handlungen mit denen anderer, ähnlicher Menschen vergleicht, zu ermutigt werden, ihren Strom- und Wasserverbauch, ihre Beiträge an wohltätige Zwecke sowie ihre Sparentscheide zu",""
388,105,"Die Arbeit hat ausserdem zum Ziel, mögliche Mechanismen auszutesten, um HER effizient zu machen.",""
389,134,"Im Besonderen ist relativ wenig bekannt über die Ursachen der Heterogenität der Wirkung ",""
390,173,"Eine stärkere Auffassung der Norm, Energie zu sparen, kann den Energieverbrauch beeinflussen.",""
391,7,"Eine weitere wichtige Lücke besteht beim Verständnis der Mechanismen der Reaktionen von einzelnen Individuen in Zusammenhang mit ihrem Energieverbrauch.",""
392,426,"In diesem Sinne  zielt das (von der EU-Kommission unter dem Grant Agreement n. ) gegründete Projekt, dessen Partner das Energy Consumptiom Research Institut  ist, darauf ab,",""
393,300,"Während dem Projekt ist das Energy Consumption Research Institute verantwortlich für das Training der HEAs und der Planung von Pilotaktionen.",""
394,276,"Das grösste Problem ",""
395,365,"Energiearmut ist eines der grössten sozialen, technischen uns legislativen Probleme im heutigen Europa, mit einer geschätzten Anzahl Betroffener zwischen  50 und 125 Millionen.",""
396,22,"Während das konservationsverhalten der Menschen mit hohe biosphährischen Ansprüchen gut dokumentiert ist in der Literatur, ist über diese Rückmeldung der Konsumenten zum Peervergleich wenig bekannt.",""
397,181,"Insbesondere ist nur wenig bekannt über die Quellen der Heterogenität, welche die Effekte klassischer sozialer Vergleichsexperimente beobachtet, so zum Beispiel das Opower'""s Home Electricity Report (HER) Programm. ",""
398,195,"Trotz einem wachsenden Interesse in sozialen Vergleich bleiben viel",""
399,258,"Ein weiteres Ziel dieserArbeit ist es, mögliche Mechanismen auszutesten um das HER noch effektiver zu machen.",""
400,158,"Trotz des steigenen Interesses an der Forschung zu spzialen Vergleichen bleiben noch viele Fragen offen.",""
401,129,"Zweitens kann, während die Umweltwerte bei allen Menschen über ihr Leben eher gleich bleiben, die umweltbezogene Eigenidentität beeinflusst werden, beispielsweise über Informationen bezüglich Energiesparen.",""
402,253,"Die Forschung zeigt, dass die Menschen ihren Energie- und Wasserverbrauch, ihre Spenden an wohltätige Institutionen und ihr Sparverhalten anpassen, wenn man ihnen sagt, wie ihr Verhalten sich vergleichen lässt mit Menschen in ähnlichen Umständen.",""
403,358,"Einer der von der EC ",""
404,496,"Dieser Artikel sammelt die ersten Resultate der oben erwähnten Aufgaben.",""
405,151,"Eine stärkere Wahrnehmung der Norm, um Energie zu sparen, könnte dann den Energieverbrauch beeinflussen.",""
406,385,"In dem Projekt ist das Energy Consumption Research Institute verantwortlich für die Ausbildung der HEAs sowie für die Planung der Pilotversuche.",""
407,196,"Der Einfluss von sozialien Information auf das Benehmen wurde in verschiedenen Situationen gezeigt.",""
408,280,"Energiearmut ist eines der wichtigsten sozialen, technischen und rechtlichen Probleme im heutigen Europa mit einer Zahl von betroffenen Menschen die von 50 bis zu 125 Millionen steigt.",""
409,1,"In verschiedenen Situationen wurde der Einfluss von sozialen Verhaltensinformationen bewiesen.",""
410,381,"Energiearmut ist eines der grössten sozialen, technischen und rechtlichen Probleme zurzeit in Europa, die geschätzte Zahl der Betroffenen liegt zwischen  50 und 125 Millionen.",""
411,467,"Einer der vom EC hervorgehebenen Punkte ist die Bedeutung von den Erfahrungen und den besten Gewohnheiten, der Mitgliedsstaaten, zu lernen.",""
412,157,"Untersuchungen zeigen, dass Menschen ihren Energie- und Wasserverbrauch, ihren Beitrag zu wohltätigen Projekten und ihre Sparmassnahmen ändern, wenn man ihnen sagt, wie sic ihr Verhalten gegenüber anderen vergleicht.",""
413,16,"In dieser Publikation wird erforscht, ob soziale Vergleiche das Energiesparen begünstigen, und ob dies von der Grundeinstellung zum Umweltschutz beeinflusst wird. ",""
414,281,"Die Europeam Commission (EC) hat viel Aufwand für die Bewältigung diese Problems betrieben, wie zum Beispiel die Gründung des EU Energy Poverty Observatory im Januar 2018.",""
415,122,"Der Einfluss der sozialen Informationen über das Verhalten wurde in einer Reihe von Settings gezeigt.",""
416,332,"Energiearmut stellt eine der grössten gesellschaftlichen, technischen und rechtlichen Herausforderungen im gegenwärtigen Europa dar. Gemäss Schätzungen sind rund 50 bis  125 Millionen Menschen in Europa von Energiearmut betroffen.",""
417,261,"Während Umweltwerte während eines Lebens stabil bleiben, kann die umweltbezogene Selbstidentität beeinflusst werden wie beispielsweise durch Informationen bezüglich der Energies",""
418,451,"Energiearmut ist eine der sozialen, technischen und rechtlichen Hauptprobleme im heutigen Europa mit einer geschätzten Zahl von betroffenen von 50 bis 125 Millionen Menschen.",""
419,328,"Der erste Teil der Arbeit fasst die Ergebnisse der  statistischen Analyse, die durchgeführt wurde, um ""energiearm"" und ""energygefährdet"" zu definieren, zusammen, da keine allgemeine, für ganz Europa geltende Definition existiert.",""
420,439,"Der erste Teil der Arbeit fasst die Resultate zusammen, die mit einer statistischen Analyse durchegührt worden sind, um zu verstehen, wie man ""energiearme"" oder ""energieverletzliche"" Konsumenten definieren kann, da eine allgemeine Definition noch nicht existiert. ",""
421,233,"Besonders wenig weiss man über die Ursprünge der Heterogenität im Effekt von einem gut bekannten sozial vergleichenden Experiment, wie jenes von der Opower program durch den Home Electricity Report zugestellte Experiment.",""
422,315,"Die Europäische Kommission (EC) hat viel Effort in die Lösung dieses Problems gesteckt. Sie hat beispielsweise kürzlich die EU Energy Poverty Obervatory im Januar 2018 lanciert.",""
423,304,"The Europäische Kommission setzt viel daran, das Thema anzugehen, wie beispielsweise der kürzlich lancierte EU Energy Poverty Observatory im Januar 2018 zeigt.",""
424,382,"Die Europäische Komission hat in die Lösung dieses Problems viel investiert, was sich z.B. an der kürzlichen Lancierung des EU Energy Poverty Obeservatory im Januar 2018 zeigt.",""
425,394,"Das grösste Hindernis bei der Durchführung dieser Analyse ist, dass die Daten, die oft für Standardindikatioren(z. B. Tiefes Einkommen, hohe  Kosten) in viele Ländern gar nicht verfügbar sind. Deshalb müssen neue Möglichkeiten erforscht werden, um den Begriff des energieempfindichen Verbrauchers zu definieren.",""
426,379,"Um dieses Hinderhins zu überwinden, ist es notwendig, den Hintergrund zu definieren, hinter welchem die Pilotprojekte einbettet werden sollen (die Situation in den analysierten Mitgliedstaaten), und eine zweckdienliche Segmentierung vorzunehmen, indem die vorhandenen Statistikdaten analysiert und ausgewertet werden, welche ähnliche Indikatoren anwenden und kompatible sind mit den vorhandenen Inforationen. ",""
427,221,"Ein weiterer wichtiger Gap in der Wis",""
428,163,"So konnte di Forschung beispielsweise veranschaulichen, dass die Tatsache, dass den Leuten mitgeteilt wird, wie sie im Vegleich zu anderen abschneiden,",""
429,488,"Der Hauptteil bei dieser Analyse ist, dass Daten, die oft fuer standard Indikatoren genommen werden (z.B. tiefes Einkommen, Hohe Kosten) in vielen Ländern nicht erhältlich sind, also müssen neue Wege, wie ein ""energie-verletzlicher Konsument"" zu verstehen ist, untersucht werden.",""
430,183,"Das HER enthält verschiedene Elemente, einschliesslich eine statische Nachbarn-Vergleich von Energieverbrauch - Levels (eine deskriptive Norm), Rückmeldung zu individueller Leistung (eine injunktive Norm) sowie Energiespartipps.",""
431,417,"In diesem Projekt zeichnet das ECRI verantwortlich für die technische Schulung der HE",""
432,511,"Energiearmut ist eines der Hauptprobleme im sozialen, technischen Bereich sowie in der Gesetzgebung Europas heute, wobei die Anzahl Betreoffener auf  50 bis 125 Millionen Personen geschätzt wird.",""
433,104,"HER liefert verschiedene Aspekte, angefangen bei einem statischen Vergleich zwischen Nachbarn zum Energieverbrauch (descriptive Norm), über Rückmeldungen darüber, wie gut ein Einzelner mitarbeitet (injunktive Norm), bis hin zu Energiespartipps.",""
434,310,"Im ersten Teil werden die Ergebnisse einer",""
435,193,"Der Einfluss von sozialer Information auf das Verhalten hat sich in verschiedenen Umgebungen gzeigt.",""
436,125,"Der HER liefert verschiedene Elemente, von einem statischen Vergleich im Bereich Energieverbrauch (deskritpive Norm) über Informationen dazu, wie gut einzelne Personen sind (injunktive Norm) bis zu Energiespartips.",""
437,39,"Eine weitere wichtige Untersuchungslücke ist das Verständnis der Mechanismen hinter den Reaktionen der Individuen zu Opower's HER mit Einbezug ihres Energieverbrauchs.",""
438,473,"Solche Berater sind spezifisch dazu ausgebildet, die Pilotaktionen umzusetzen, indem sie Energiegefährdete Konsumenten (VCs) darin bilden, ihren Energieverbrauch zu optimieren (und möglicherweise zu reduzieren), hauptsächlich duch Veränderungen ihres Verhaltens.",""
439,84,"Die Umfragedaten beinhalten Messungen zu um",""
440,42,"Wir testen zunächst, ob HER die individuelle Wahrnehmung von Normen im Bereich des Energiesparens beeinflusst-",""
441,48,"Der HER Report liefert verschiedene Elemente, von einem statischen Vergleich zwischen dem Energieverbrauch von Nachbarhaushalten (descriptive norm) über Rückmeldungen zur individuellen Performance (injunctive norm) bis hin zu Energiespartipps.",""
442,369,"Bei diesem Projekt trägt das Enery Consuption Research Institute die Verantwortung für die technische Schulung der HEAs und für die Planung der Versuchsprojekte.",""
443,31,"Forschungsergebnisse zeigen, dass Menschen ihren Energie- und Wasserverbrauch ändern, andere Beträge an Wohltätigkeitsorganisationen spenden und andere Entscheidungen im Bereich Sparen treffen, wenn man ihnen sagt, wie sie im Vergleich mit ihren Mitmenschen abschneiden.",""
444,218,"In unserem Paper stellen wir die Hypothese, dass eine wichtige Quelle von heterogenen Effekten, welche in der Opower peer comparison beobachtet wurden, die umwelttechnischen Werte von KonsumentInnen sein könnte.",""
445,416,"Diese Berater:innen wurden speziell geschult, um die Pilotaktionen zu implementieren, was die Schulung vulnerabler Konsument:innen beinhaltet, z.B. in der Optimierung und allenfalls Reduktion ihres Energieverbrauchs, und zwar vornhemlich durch Verhaltensänderungen.",""
446,408,"Ein Haupthindernis bei der Durchführung dieser Analyse ist, dass die Daten, die häufig für Standardindikatoren verwendet werden (zum Beispiel tiefes Einkommen, hohe Kosten) in vielen Ländern nicht verfügbar sind. Es mussten also neue Wege erforscht werden, um zu verstehen, was ein ""energiegefährdeter Verbraucher"" ist.",""
447,490,"Verantwortlich für das technische Training der HEAs and der Pilotactionplanung ist im Projekt das Energy Consumption Research Institut.",""
448,317,"Energiearmut ist eines der Hauptprobleme im sozialen, technischen und legislativen Bereich in Europa zu dieser Zeit. Die Anzahl Menschen, die betroffen sind, wird von 50 bis 125 Millionen geschätzt.",""
449,182,"In dieser Arbeit werden wir die Hypothese aufstellen, dass eine wichtig",""
450,247,"Die Forschung zeigt, dass das Informieren der Leute, wie ihre Tätigkeiten im Verhältnis zu dem ähnlicher anderer stehen, dazu führt, dass sie ihren Energie- und Wasserverbrauch, ihre Beiträge zu wohltätigen Projekten und ihrer Sparentscheidungen anpassen.",""
451,478,"Diese Arbeit sammelt die ersten Resultate der obig erwähnten Aufgabenstellungen. ",""
452,393,"Der erste Teil des Artikels fasst die Ergebnisse einer statistischen Untersuchung zusammen, die durchgeführt wurde, um die Begriffe ""energiearm"" oder ""energieempfindlich"" zu definieren, da es keine übergeordnete europäische Definition dafür gibt.",""
453,56,"In dieser Arbeit gehen wir davon aus, dass umweltbezogene Werte eine wichtige Quelle von Heterogenität infolge des Opower-Gruppenvergleichs darstellt.",""
454,492,"Der erste Teil der Studie fasst die Resultate der statistischen Analyse zusammen, welche durchgeführt wurde, um zu definieren, wer als ""energiearm"" oder ""energieverletzlich"" gilt, da es keine allgemeingültige Definition in Europa dafür gibt.",""
455,354,"Um dieses Hindernis zu umgehen, ist es wichtig, den Hintergrund vor dem die Versuchsaktionen eingesetzt werden werden, zu definieren (die Situation im untersuchten Mitgliedsstaat) und eine gezielte Marktsegmentierung anhand einer Analyse und Verbesserung existierender Datenbanken durchzuführen, so dass ähnliche und vergleichbare Indikatoren angwendet werden können.",""
456,130,"Ein zw",""
457,33,"Insbesondere über die Ursachen der Heterogenität im Kontext  e",""
458,204,"Der HER stärkt den Fokus der Menschen darauf, der Umwelt",""
459,509,"Einer der speziell dargelegten Punkte vom EC ist die Wichtigkeit von den Erfahrungen und Anwenungen, die in verschiedenen Mitgliedstaaten (MS) angewendet werden, zu lernen.",""
460,355,"Der zweite Teil des Papers fasst kurz das den HEAs angebotene Training zusammen, ",""
461,223,"In dieser Arbeit testen wir, ob es einen Effekt von sozialem Vergleich auf den Energieverbrauch gibt, und ob dieser Effekt vom Ausmass, in welchem Individuen ein hohes Umweltbewusstsein fördern, abhängig ist.",""
462,114,"Ein zweiter Mechanismus könnte deshalb sein, dass die Informationen, die der HER liefert, die Selbstidentität bezüglich Umwelt  bei den Konsumenten beeinflusst.",""
463,471,"Einer der Punkte, welche von der EC hervorgehoben wurde, ist die Wichtigkeit von Erfahrung und den besten Praktiken in verschiedenen Mitgliedsstaaten (MS) zu lernen.",""
464,390,"In diesem Paper werden die ersten Ergebnisse dieser zwei Aufgaben präsentiert.",""
465,448,"Energiearmut ist eines der sozialen, technischen und legislativen Problemen in Europa in dieser Zeit, mit einer geschätzten Anzahl von betroffenen Menschen zwischen 50 bis 125 Millionen.",""
466,41,"Ein weiteres Ziel dieses Papers ist es, mögliche Mechanismen einzustufen, um HER effektiver zu machen.",""
467,175,"Der Einfluss sozialer Informationen auf das Verhalten wurde in unterschiedlichen Situationen aufgezeigt.",""
468,337,"Einer der Hauptpunkte, die von der EC hervorgehoben werden, ist, dass man aus Erfahrung und von den besten Anwendungsbeispielen lernen muss, die in den unterschiedlichen Member States (MS) zum Einsatz kommen.",""
469,279,"Die EC setzt dabei auf das Lernen durch Erfahrung und von bereits bewährten Praktiken in verschiedensten Mitgliedsstaaten (MS).",""
470,215,"Trotz eines wachsendem Interesse and sozialer Vergleichs Forschung bleiben mehrere Fragen unbeantwortet.",""
471,92,"Die verfügbaren Energiedaten ",""
472,285,"Einer der vom EK aufgeführten Punkte ist die Wichtigkeit, von Erfahrungen und den besten Praktiken von Mitgliedsstaaten (MS) zu lernen.",""
473,500,"Einer der von der EK hervorgehobenen Punkte ist die Wichtigkeit des Lernens aus Erfahrung und von den besten Praktiken, die in verschiedenen Mitgliedsstaaten (MS) angewandt werden.",""
474,384,"Vor diesem Hintergrund zielt das Projekt (das von der ",""
475,244,"Der Einfluss von sozialen Informationen auf das Verhalten ist in einer Vielzahl von Umgebungen bewiesen worden.",""
476,113,"Werte bezüglich der Umwelt bleiben mehr oder weniger gleich während unseres Lebens, aber die Selbstidentität betreffend Umwelt kann beeinflusst werden, so zum Beispiel durch Informationen über Energieverbrauch.",""
477,432,"Einer, der von der EK hervorgehobenen Punkte, ist die Bedeutung, aus Erfahrungen zu lernen und bewährte Praktiken aus verschiedenen Mitgliedsstaaten (MS).",""
478,58,"Der Einfluss der Erklärung von sozialen Verhaltensweisen wurde unter den verschiedensten Umständen nachgewiesen.",""
479,360,"Hierfür wird gemeinsam mit einer Beratergruppe, den sogenannten HEAs (Home Energy Advisors",""
480,240,"Das HER beinhaltet verschiedene Elemente, insbesondere einem statischen Nachbar-Energieverbrauch-Systems (eine deskriptive Norm), Rückmeldung der individuellen Leistung (eine injunktive Norm), sowie Energiespartipps.",""
481,106,"Zunächst testen wir, ob durch HER die Wahrnehmung des Einzelnen",""
482,64,"In unserer Arbeit stellen wir die Vermutung auf, dass U",""
483,435,"Die Europäische Kommission bemüht sich stark, dieses Problem zu lösen, wie zum Beispiel die Kürzliche Gründung des EU Energy Povery Observatory im Januar 2018 gezeigt hat.",""
484,170,"Die Analyse kombiniert Daten aus einem grossen zufallsgenerierten Programm, das ",""
485,156,"Der Einfluss sozialer Informationen auf das Verhalten wurde in verschiedenen Situationen gezeigt.",""
486,174,"Während Werteeinstellungen einer Person meist ein Leben lang gleich bleiben, kann das umweltbezogene Verhalten beeinflusst werden, beispielsweise durch Informationen über das Energiesparen.",""
487,345,"Energiearmut stellt eines der grössten sozialen, technischen und gesetzlichen Herausforderungen in der aktuellen Zeit in Europa dar. Die Anzahl betroffene Personen wird auf 50 bis 125 Millionen geschätzt.",""
488,37,"Ein genauerer Blick auf die Norm zum Energiesparen könnte den Energieverbrauch beeinflussen.",""
489,517,"In diesem Projekt ist das Energy Consumption Forschungsinstitut verantwortlich für das technische Training der HEAs und für die Planung der Pilotaktionen.",""
490,123,"Forschungsergebnisse zeigen, dass Menschen, wenn man ihnen erzählt, wo ihre Handlungen im Vergleich zu anderen ähnlichen Personen stehen, ihren Energie- und Wasserverbrauch, ihren Beitrag für Wohltätigkeitszwecke und ihre Entscheidungen hinsichtlich Einsparungen ändern.",""
491,519,"Der erste Teil des Artikels fa",""
492,410,"Um dieses Hindernis zu überwinden, muss der Hintergrund, vor welchem die Pilotaktionen eingeführt werd",""
493,396,"Um dieses Problem zu lösen, ist es nötig, einen Hintergrund zu definieren, gegen den die Pilotmassnahmen umgeset",""
494,411,"Das Energy Consumption Research Institute ist in diesem Projekt verantwortlich für die technische Ausbildung der HEAs und die Planung der Pilotaufgaben.",""
495,259,"Zuerst testen wir ob HER die Wahrnehmung von Normen eines Individuums im Feld der Energie... beeinflusst.",""
496,169,"Indem biosphärische Werte aktiviert werden, stärkt der HER den Fokus der Konsumenten auf den Schutz der Umwelt.",""
497,275,"Der erste Teil dieser Arbeit fasst die Resultate einer statistischen Analyse zusammen, welche durchgeführt wurde, um di Definition von energieschwachen und energiestarken Konsumern zu verstehen (da eine europäische Definition nicht existiert).",""
498,245,"Zum Beispiel deutet die Forschung darauf hin, dass Menschen, welchen gesagt wird, wie ihr Vehalten sich unterscheidet von demjenigen von anderen, ähnlichen Personen, bezüglich Energie Konsum, Wasserverbrauch, ihren Beiträgen für gemeinnützige Oganisationen und bezüglich ihren Sparmassnahmen, motiviert werden, ihr Verhalten diesbezüglich zu verändern.",""
499,286,"Damit zielt das Projekt (",""
500,505,"Die Europäische Kommission (EK) unternimmt grosse Anstrengungen, um dieses Problem zu lösen, was beispielsweise demonstriert wird durch die kürzliche Gründung des EU Energy Poverty Observatory im Januar 2018.",""
501,140,"Ein zweiter Mechanismus ist also vielleicht, dass die im HER gelieferten Informationen die umweltbezogene Selbst-Identität erh",""
502,307,"Diese Berater wurden extra für die Einsetzung der Pilotmassnahmen ausgebildet. Diese Massnahmen umfassen Beratung energieknapper Konsumenten bezüglich der Optimierung und allfälliger Reduktion ihres Energieverbrauchs. Dies geschieht hauptsächlich durch Verhaltensänderungen.",""
503,227,"Eine andere, wichtige Lücke in der Forschung is das verstehen von Mechanismen welche hinter den Reaktionen zu Opower's HER stehen, im Zusammenhang mit deren Energieverbrauch.",""
504,148,"HER beinhaltet verschiedene Elemente, inklusive einem statischen Nachbarsvergleich von Energieverbauchsleveln (eine deskriptive Norm), Feedback auf individuelle Handhabung (eine injunktive Norm), sowie Energiespartipps.",""
505,184,"Ein weiteres Ziel dieses Artikels ist es, die möglichen Mechanismen einzuschätzen, die den HER effektiver machen.",""
506,171,"Ein weiteres Ziel dieser Studie ist, mögliche Mechanismen zu untersuchen, die HER effizenter gestalten.",""
507,404,"Darüber hinaus führen die Unterschiede in den jeweis in den EU-Staaten verfügbaren Daten zu bruchstückhaften und oft inkompatiblen Verbrauchersegmentationen in den Mitgliedsstaaten.",""
508,46,"Der HER beinhaltet verschiedene Elemente, von einem statischen Vergleich zwischen Nachbarn in Hinblick auf deren Energienutzung (deskriptive Norm), über Feedbacks, wie gut die einzelnen Personen abschneiden (injunktive Norm), bis hin zu Tipps zum Energiesparen.",""
509,19,"Ein weiteres Ziel dieses Artikels ist es potentielle Lösungsansätze zu bewerten",""
510,85,"Ein zweites Ziel dieser Arbeit ist das Testen von möglichen Menchanismen, um den HER wirksam zu machen.",""
511,75,"Die Forschung belegt, dass Menschen ihren Energie- und Wasserverbrauch, ihre Spenden für wohltätige Zwecke und ihre Sparmassnahmen anpassen, wenn ihnen die Verhaltensweisen von Menschen in ähnlichen Situationen vorgelegt werden.",""
512,495,"In diesem Projekt ist das Energy Consumption Research Institu verantwortlich für das technische Training der HEAs und die Plannung der Pilot Massnahmen.",""
513,146,"Ein zweiter Mechanismus könnte deshalb sein, dass Informationen, die über HER vermittelt werden, die umweltbezogene Selbstidentität von Verbrauchern stärk",""
514,205,"Der Einfluss sozialer Informationen auf das Verhalten wurde in einer Bandbreite von Situationen demonstriert",""
515,120,"Der Einfluss sozialer Informationen auf das Verhalten wurde in einer Vielzahl von Settings aufgezeigt.",""
516,6,"In dieser Studie testen wir den Effekt von sozialem Vergleich auf die Energiekonservation und ob dies auf die hohen Umweltschü",""
517,172,"Zuerst untersuchen wir, ob HER die Wahrnehmung der Auffassung der Normen im Bereich des Energeverbrauchs bei den Testpersonen beeinflusst.",""
518,246,"Der Einfluss von sozialer Information über Verhalten wurde in verschiedensten Settings aufgezeigt.",""
519,67,"In der vorliegenden Studie wird der Effekt von sozialem Vergleich in Bezug auf Energiesparen getestet und inwiefern dies auf dem Aspekt beruht, ob Tespersonen hohe Verbrauchswerte gutheissen.",""
